,Component 0,Component 1
0,-0.5628648216793768,0.5606299986436077
1,-0.5668033177079429,-0.0325537303248606
2,-0.5533333629810674,0.11399898581015289
3,-0.5557177374388709,-0.3206889363475431
4,-0.6222325033685339,-0.22671433423709234
5,-0.4292847231388313,-0.18482755644520055
6,-0.47145840464115035,-0.3064612461360514
7,-0.536201506093932,-0.13678276263182476
8,-0.6463699725985759,-0.2625392318037685
9,-0.6285598521143906,-0.2324824124303515
10,-0.5844276293808943,-0.44950343126478987
11,-0.36661029596098826,-0.4112115735832958
12,-0.5100336314478754,-0.023832181422980454
13,-0.6453213051293729,-0.31016844603223204
14,-0.6123843605925714,-0.17865009378386376
15,-0.46325833762820406,-0.06794415206160484
16,-0.4935468992696578,-0.2485699724727005
17,-0.6468397688724082,-0.018471265650388615
18,-0.5240577287123767,0.3055777027914947
19,-0.6758282563919864,-0.025957809312874856
20,-0.6619787172710387,0.320836767756798
21,-0.5432702756934935,-0.24143738369852424
22,-0.6987114914074553,0.17894947978925801
23,-0.12721976852332031,0.04613396033352837
24,-0.5376237650664675,0.03540283972134044
25,-0.18856158544046278,0.05851605482295602
26,-0.19970990989113566,0.035098884343694646
27,-0.3107128906624516,-0.2595680005363896
28,-0.26081139795002034,-0.07802825174586503
29,-0.4337357011849675,-0.07588691577894592
30,-0.0028327204256085956,0.08162507919939745
31,-0.4113241877136394,0.019230399577084632
32,-0.27581918897122165,-0.003572365076349749
33,-0.18667195801760889,-0.007272897281891465
34,-0.21212021758478597,0.17062527147371076
35,-0.47131733654123886,0.0716266160335238
36,-0.19174046499782024,-0.043887760965860306
37,-0.18213482308300216,-0.19118682378414273
38,-0.22732249076393127,-0.280210729203764
39,-0.4077115235468104,0.05450543327710305
40,-0.4620920659451991,0.6580296117145211
41,-0.47481694851372647,0.07570820879720885
42,-0.5839948633653599,0.4998624459433472
43,-0.22522053304109177,-0.15118381676550935
44,-0.07154540413669545,0.08137882642695836
45,-0.1340641456882903,-0.2281604678008518
46,0.39007628800351196,0.44010639612871405
47,0.17299475890826485,0.1937941495683503
48,0.39983078826145085,0.29989201784135344
49,-0.16179790953129525,0.08844297383360014
50,-0.1892819786814394,0.21814165767124247
51,0.14599626989528833,0.00963056607587632
52,0.29398538696394344,-0.22246694848926332
53,0.35802566646911005,-0.06430252181111705
54,0.32063338260361335,-0.3641555474444868
55,0.3116338918298455,-0.2951214632806502
56,-0.046364920343684064,0.15130526642262182
57,0.2836213069917352,0.11998524733200637
58,0.16939289170714975,0.014239365792541108
59,0.29293134344447247,-0.008541113775593039
60,0.08057518639970047,-0.02396539545387717
61,0.34682439107445945,-0.14506659634051536
62,-0.015207440514374811,-0.013503463254048408
63,0.021355325234877605,0.33669651403198314
64,0.324671669739066,-0.32652503656096
65,0.17619321415029177,0.009672621798961618
66,-0.533754276455711,0.6888916777718814
67,-0.28931133644927676,0.6523803845723356
68,-0.5429598795591243,0.6289017535866073
69,-0.5963358827338627,0.20488106313671062
70,-0.5211803119682903,0.6230688469466051
71,-0.5921709098078265,0.6521207377060525
72,-0.5267034353900153,0.6628593161475257
73,-0.3285992912459773,0.6835304779054284
74,-0.3666646123244724,0.5511188185259482
75,-0.39266948681929004,0.6206453671112885
76,-0.5250333531878358,0.7771693035020625
77,-0.4309522837393638,-0.2272378193636338
78,-0.3344198695961187,0.0386027291863543
79,-0.37249982822915945,0.1655658862590518
80,-0.4821027559791197,-0.050126739234558806
81,-0.38318334430153694,-0.42694319819641835
82,-0.5287278062770473,-0.06400250918720023
83,-0.44507456056825684,0.06732513419255062
84,-0.3419046877284058,0.5071246455148132
85,-0.6316660861070661,0.5251704930309206
86,-0.3545404801925533,-0.0012306780828147922
87,-0.3981051889938141,-0.03787064912998032
88,-0.6396533906733332,0.09447311719694229
89,-0.5380792137280307,0.4028083173870841
90,-0.6592461977249449,0.6508868777179236
91,-0.5978291869319088,0.31507509500848724
92,0.36271907938402753,0.4415427656298583
93,0.15475661982860847,0.19475172923577969
94,0.38159264918179425,0.30084959750878304
95,-0.17699635876434225,0.08924095688979146
96,-0.20549365786335627,0.21899283959784654
97,0.12978459071337153,0.01048174800248038
98,0.2777737077820265,-0.22161576656265922
99,0.34080075733832343,-0.06339814101410025
100,0.3013820135750871,-0.3631447689066445
101,0.2954222126479288,-0.294270281354046
102,-0.06460305942334045,0.15226284609005133
103,-0.5643828868304208,0.19333162571155538
104,-0.6820354905685979,0.5101623814399064
105,-0.5929305655403786,0.3519113770889213
106,-0.5865084949109012,0.10315095975375019
107,-0.6324214369663171,0.1494381814832594
108,-0.6623396862620847,0.46483244925709694
109,-0.25449017912768734,-0.26499748948990187
110,-0.5097730770473685,-0.1744114350571485
111,-0.5532807674253202,0.16679439590539102
112,-0.6055905179117101,-0.2682415065026776
113,-0.5405985277945395,-0.4700959292776261
114,-0.43622368861514516,-0.19635888632990325
115,-0.48330907090304276,-0.25011560773197833
116,-0.4316614897411802,-0.25782613634888313
117,-0.5785992100586411,0.44866324250420836
118,-0.5217085750951009,0.4405005684695625
119,-0.5612523611198419,0.17586641560410887
120,-0.43013852068857134,-0.06675853811613996
121,-0.52422385317504,0.5022950355090803
122,-0.6725130680497249,0.4550596072870884
123,-0.5996857485787623,-0.22273362013011086
124,-0.7239911368433422,0.4776490248059521
125,-0.5519471154538917,-0.05827366815117725
126,-0.600720929550005,-0.16134264149597904
127,-0.7042028881232726,-0.16579875566188085
128,-0.6771123518166055,-0.2016887766487937
129,-0.6035756210506444,-0.16053598925285595
130,-0.578812157580582,-0.09054431394750577
131,-0.6063625229109623,-0.13443145585782526
132,-0.6011896252729302,-0.14047095484120709
133,-0.4265924135642168,-0.2200550022143406
134,-0.6160222092811377,-0.2680794782528595
135,-0.6382124242902546,-0.16269506723502206
136,-0.5532341538719764,-0.06557772526249189
137,-0.6174038105602512,-0.13040518901571155
138,-0.6279867793813486,-0.13584940523081862
139,-0.6027410718392753,-0.15924552852101798
140,-0.6113705979339195,-0.1663800759201182
141,-0.6111372713384792,-0.11384964557887212
142,-0.6303413341995968,-0.20610249836023348
143,-0.6748329893926246,-0.26690143741548644
144,-0.7558410470737201,-0.21429940350649607
145,-0.4993072501992169,-0.32293162190126906
146,-0.5856252109557742,-0.18254065799606725
147,-0.6549278453085206,-0.16737509632206685
148,-0.47829163712430633,-0.09325071329841965
149,-0.6971045738589644,-0.07524196069519044
150,-0.76443365680451,-0.19303259336051765
151,-0.7573170761952851,0.2729583091577352
152,0.45366356777594846,0.18168207936571001
153,0.22429346654229362,0.07552139889213386
154,0.5140011115152788,-0.04270633863874395
155,0.012968284578326567,0.226071979054739
156,0.381462943113994,-0.2957611984723306
157,-0.09010573368034673,0.7351248935005283
158,0.46461366896816114,0.49769777727649184
159,0.2163576832836543,0.09896643514653942
160,0.21798553565171835,-0.25958640938629796
161,0.2974510348412954,0.4283661697438339
162,0.09653641580364121,0.32219681832685126
163,0.4136110813233408,0.6480767003704411
164,0.3183492736361272,0.5406172374816296
165,0.5356261103183078,-0.4558894302969119
166,0.38598100904929494,0.8087171057944573
167,0.17807039320530313,0.35163678099699563
168,0.1992115164473962,0.5546984198000016
169,0.5257943609957039,0.12342653082342535
170,0.26359239375059823,-0.0010986275302156628
171,0.019239646975583963,0.07494419148585739
172,0.3112490673275837,-0.08030739595870001
173,0.2784753235314376,0.004638482283661631
174,-0.5175601933956746,-0.018492361059985817
175,-0.10262529615792369,-0.0472010458690513
176,-0.5072297292006135,0.012826829087119665
177,-0.09929658756367012,-0.04861665954435651
178,-0.46212484082947053,0.0550301968269056
179,0.156892152423076,0.04402044854444631
180,-0.5247013277444575,-0.09508738481388394
181,0.2187250622875627,-0.2807432207952864
182,-0.40829405610421926,-0.11884762775305076
183,-0.3041990902547401,-0.04954422600337147
184,-0.3058650527018697,0.06726229345425334
185,-0.410342506837494,0.3682011484846252
186,-0.014398992585684132,0.01106535523898865
187,-0.41851369085499307,0.12344183054726407
188,-0.7020733421981331,0.07646556972051043
189,-0.42391535261990454,-0.19768239301660798
190,-0.5917721191972547,-0.15406979260134104
191,-0.6216894733714738,-0.1407293036435747
192,-0.43982449782859706,-0.18778160986074688
193,-0.6190020014040518,-0.21381962575201252
194,-0.5341323699635476,-0.12580846153877087
195,-0.5992397863060709,-0.22335152653002663
196,-0.5856671746119675,-0.21184480729157598
197,-0.5715695457929463,-0.15796123021587447
198,-0.5990639199151371,-0.1935599728735589
199,-0.3774727793939746,-0.08440976333645826
200,-0.695780411218681,-0.14374673195517101
201,-0.6931511540507039,-0.13933635046836879
202,-0.6951003696524904,-0.1842454233332251
203,-0.7086828457435924,-0.1973449770737307
204,-0.5314557397831096,-0.16192168178361993
205,-0.5765702284398347,-0.15519249446124614
206,-0.4943989673069126,-0.08862672468358825
207,-0.5421625995095984,-0.07685443969378328
208,-0.6704397169311425,-0.2348956776674548
209,-0.5858474272224764,-0.19221249241183155
210,-0.11491897124693332,-0.2020253298961372
211,-0.6565374161196489,-0.146603147338058
212,-0.33811372989833505,-0.14296192141986983
213,-0.6487976135909493,-0.12350028373205287
214,-0.39475859422433485,-0.1785480367446148
215,-0.22580272927633846,-0.1882282646154984
216,-0.7017051969712421,-0.17638969682196246
217,-0.5973353422634133,-0.2825717995690713
218,-0.5710640532178042,-0.2544872193051929
219,-0.2588118573355417,-0.2987625618943745
220,-0.49500072381098825,-0.2550434298830837
221,-0.4359447879538895,-0.21721498554747137
222,-0.5674417096114854,-0.11233177244974592
223,-0.4323280629250525,-0.16976012862391857
224,-0.253020198692641,-0.16302065199132654
225,-0.6067240346654441,-0.20298548579764913
226,-0.4581325061899162,-0.18844254185047726
227,-0.5542467067543599,-0.11444384187409506
228,-0.403324792882109,-0.057935857643684856
229,-0.5079705426888287,-0.05084741846482788
230,-0.6285446578446294,-0.07677346007178816
231,-0.5598914754604104,-0.2685992379341211
232,-0.45810366703621513,-0.18474344223375996
233,0.474654857944333,-0.014184577282599701
234,0.46358819904383985,0.2233525550248679
235,0.3521947825974353,0.04736421652087071
236,0.4606133041764279,0.10197397715846485
237,0.6086605344291643,0.002684350525247524
238,0.43566048186566375,-0.5210519703512118
239,0.4053647641437997,-0.3738436508854044
240,0.5245837721011081,-0.05050630149992102
241,0.2859534494010935,0.21184126042909174
242,0.2641817392814508,0.00046342772429775684
243,0.2839351429510183,0.4504592892105485
244,0.12147662877312393,0.02877065848087749
245,0.3873346347306686,-0.0833857024925237
246,0.2777274312879211,0.11518689706196424
247,-0.29823600289679547,0.061344860164369124
248,0.29154469964188484,0.2183092238819653
249,0.3570507753960849,-0.008837650162372746
250,0.5612178778265645,-0.010541427076030521
251,0.2843700974037509,0.0326872855795649
252,0.2772977923538952,0.28143087872343797
253,0.34372535169472784,0.5943649668417214
254,-0.10129857233498205,-0.34445332445036486
255,0.40969586505659944,-0.4647157268982594
256,0.3302153257908441,0.09629700575921515
257,0.3895546776296822,0.2851849901313104
258,0.5540938337725011,0.005763502346817731
259,0.31471858092387106,0.8037744125232267
260,-0.0260534904223648,-0.09846828590098358
261,0.18045524426980028,0.21610279053097237
262,0.4128645224881708,-0.1242080086416153
263,0.3369431298796449,0.08814538019645846
264,0.08556781221967397,0.8546812656964233
265,0.29297350189534704,-0.4603006898970727
266,0.1603250716185941,-0.041114910594998395
267,0.1609235034445749,-0.009219852014376452
268,0.30984694439349264,-0.04183376354174819
269,0.3474831384314456,0.5835207944429768
270,-0.2470820850161865,0.017848248954406634
271,-0.20366693968696858,-0.03314566951288232
272,0.11231408836453925,-0.06073018871332472
273,-0.4124594175416858,-0.18915623175935872
274,-0.15145779993455377,-0.2650281874331639
275,-0.47266470346122974,-0.10456665871344106
276,-0.4269163306800635,-0.05779947797792462
277,-0.28905928368879547,-0.11882718020764177
278,0.005488218131777736,0.023022376214387914
279,-0.5494913183460179,0.4591937726179734
280,-0.5609993018203061,-0.17987270007483266
281,-0.5185979040168407,0.25284372187290194
282,-0.492389180881462,-0.1389516718604412
283,-0.5217757465296647,-0.10929983387960447
284,-0.5213308415180856,-0.2565194073590058
285,-0.6131023320081724,-0.11552481424299778
286,-0.6226696769588204,-0.2156727544476859
287,-0.6281392742637852,0.019022133051291766
288,-0.27582848447057007,-0.08641467885481928
289,-0.33352533656780614,-0.36833154719904704
290,-0.37780974220649965,-0.16502275291621024
291,-0.4421771373805919,-0.3909901182894123
292,-0.3873594640541193,-0.15973784936017413
293,-0.42399752426474835,-0.12428275861503318
294,-0.37084774787248764,-0.21115330753606648
295,-0.32186384656201167,-0.12959161816330372
296,-0.5799095856325308,-0.2130459509434473
297,-0.5888012851216393,-0.22886121546928606
298,-0.4338150773995347,0.02539022714950546
299,-0.5702227344026427,-0.20746534880914871
300,0.1514213857959481,-0.45880113996188043
301,-0.4058693732839927,-0.17879258947142745
302,-0.24269696363830975,0.04476908412454777
303,-0.4082683150339544,0.11072163978855934
304,-0.48154682140267147,0.11215165749848988
305,-0.3269006019788546,-0.07406093052398885
306,-0.6156063959334039,0.018497326909730275
307,-0.6158263603122608,0.3927512113398986
308,-0.5630257617180457,-0.17976630233400723
309,-0.5236640537611895,0.2531097162249658
310,-0.49846856057468075,-0.1386324786379646
311,-0.5268418962740136,-0.10903383952754069
312,-0.5223440714669555,-0.256466208488593
313,-0.615128791905912,-0.11541841650217227
314,-0.6257093668054299,-0.21551315783644762
315,-0.6352318839058737,0.019394525144181024
316,-0.28190786416378877,-0.08609548563234279
317,-0.3406179462098949,-0.36795915510615773
318,-0.3838891218997184,-0.16470355969373374
319,-0.4482565170738105,-0.39067092506693596
320,-0.39242561379846835,-0.15947185500811048
321,-0.4300769039579673,-0.12396356539255665
322,-0.374900667667967,-0.21094051205441552
323,-0.3269299963063607,-0.12932562381123996
324,-0.5839625054280102,-0.21283315546179626
325,-0.595893894763728,-0.22848882337639687
326,-0.44192091699049285,0.02581581811280745
327,-0.5742756541981215,-0.20725255332749773
328,0.14838169594933875,-0.45864154335064244
329,-0.41802813267043026,-0.17815420302647444
330,-0.24776311338265875,0.04503507847661151
331,-0.41434769472717314,0.11104083301103583
332,-0.48863943104476004,0.11252404959137918
333,-0.33297998167207354,-0.07374173730151233
334,-0.621685775626623,0.018816520132206794
335,-0.6219057400054796,0.39307040456237524
336,-0.6338247598582097,0.4816403695147786
337,-0.5758248944915808,-0.0309744617509695
338,-0.5540455120366848,-0.15026428258833116
339,-0.7003703766329982,-0.20174681788052862
340,-0.0626616855674612,-0.1065417287132783
341,-0.4046709964632559,-0.29448133330813137
342,-0.4827051657145856,-0.19242375296318087
343,-0.5786690863690044,-0.1442496516949278
344,-0.7200084854589621,-0.32594272054805623
345,-0.3618097018817705,-0.337969654848801
346,-0.5484089228090078,-0.12471366103387709
347,-0.5545356341429403,-0.26157760674722597
348,-0.5161910633232754,-0.10706283350676238
349,-0.5710392960629477,-0.024051684062175685
350,-0.614751340303346,0.376494522607522
351,-0.551912914782543,-0.10446604256720401
352,-0.3159762878736781,-0.10496280639097401
353,-0.43159843176561147,0.5935858214061027
354,-0.6825428770198699,-0.09129960023139039
355,-0.4333699223825754,-0.09529945633183716
356,0.2661198255629606,-0.025389754608006576
357,0.4510841475576324,0.5089573233473698
358,0.3653377385024899,-0.004605514234083235
359,0.5270719142369235,0.6401765170563138
360,0.20411413220049032,-0.2835487517859444
361,-0.08341379138486213,-0.15631729912911038
362,0.19048049464894318,-0.024329033889430394
363,0.782653052908565,-0.18540296935108014
364,0.5001341473075239,0.71794866983859
365,0.08273222798369452,0.043440451072278854
366,0.4235219770924864,-0.06302062804282539
367,0.537130746387026,0.5143024277444852
368,0.2847849307292963,0.14817518838121024
369,0.3172393227561033,-0.02747018473619795
370,0.10132318728413063,0.016261642574629396
371,0.45071548469320566,0.7725552984398408
372,0.4556393505980001,-0.2553691041858545
373,0.1098091837125028,-0.24967955054559368
374,0.2863844245403566,-0.026453732016261604
375,0.4865471957680753,0.5070953628829235
376,0.3876287973776255,-0.0057758893831638255
377,0.54429682336771,0.6392721362592971
378,0.22032581138240714,-0.2843999337125484
379,-0.06922857210068492,-0.15706208331488894
380,0.2137847834729486,-0.02555260790892372
381,0.798864732090482,-0.18625415127768424
382,0.5143193665917011,0.7172038856528115
383,0.09894390716561133,0.04258926914567474
384,0.4387204263255335,-0.0638186110990167
385,0.5503027357223333,0.5136108424291193
386,0.29795692006460367,0.14748360306584454
387,0.33041131209141067,-0.02816177005156374
388,0.114495176619438,0.015570057259263645
389,0.4638874740285132,0.7718637131244751
390,0.4728642597287867,-0.2562734849828713
391,0.12500763294554978,-0.25047753360178493
392,0.40189323955040823,0.5614558635226423
393,0.49461862979149385,0.03842130356978585
394,0.04988096112439236,0.029158398834303583
395,0.06095530561327686,-0.08953892237935894
396,0.5194903572346259,0.4434691273690419
397,-0.03066675244715227,0.2516249915607621
398,0.06054382306818309,-0.22945471005539417
399,-0.06971444394114786,0.020930370908336424
400,0.5558074116915697,0.3606324455016888
401,0.5904154124636375,0.009817609790633616
402,0.5560561370267387,-0.0648386964090802
403,0.508171781367258,-0.01660229286105995
404,0.2310553162453779,0.5899653102830599
405,0.46546219826010116,0.5732418489382088
406,-0.5482189743447677,-0.04794278191853032
407,-0.6341353944092369,-0.04099530568837972
408,-0.5842849365468106,-0.022521224585586874
409,-0.38277517263881844,-0.06729743303862949
410,-0.4680794917872909,-0.02276640321660783
411,-0.45332867865386545,-0.3031005588428873
412,-0.42571604138759994,-0.2848024398968288
413,-0.410708000865334,-0.3354402414034723
414,-0.5980404838048357,-0.041516497215877184
415,-0.5165713327506841,0.4140379220290011
416,-0.47523679439614097,-0.3011284155572888
417,-0.17196233404326622,-0.4430522237378321
418,-0.6668036218434755,-0.14598905094951461
419,-0.3570572373650548,-0.15378209038767054
420,-0.584088644287967,0.10336668189865705
421,-0.5536520797918731,-0.004514836407798765
422,-0.6724560790441527,-0.32136172298311544
423,-0.04940063732448326,0.026306044598364636
424,-0.14507252681670885,0.039887471596176616
425,-0.39916798502892653,-0.1297851143383069
426,-0.037847749431550094,-0.09587885562423742
427,-0.1841910927365209,-0.12093932714722175
428,0.21826718853721955,-0.24564265716425818
429,-0.07467070634238462,-0.4000594803792326
430,-0.24033946093994085,-0.15210832470289273
431,-0.003633597815085174,-0.3198839209032339
432,-0.09758521509776238,0.3831438664595875
433,-0.5834039292972824,-0.23677246318299014
434,-0.4156639447909216,-0.07498604532931628
435,-0.2107129512148886,0.36730767380507223
436,-0.5730338913337159,-0.13928785538012384
437,-0.30912195705768214,-0.20194562820618314
438,0.1775183718184066,0.19672338670310677
439,0.05142514741333896,0.5299460478621557
440,0.15006893128137072,-0.16700704157131493
441,0.1787538406846316,0.034401462597237475
442,0.35570026557611806,-0.153516426601119
443,-0.061090855631061175,0.04938915434373401
444,0.09919794094825962,0.023583047894547893
445,0.19217014979202132,0.3523043394503809
446,0.23607400022043487,-0.057944233780476445
447,0.45997798625175845,-0.5251085232329998
448,0.2983153222293082,-0.06240902522303312
449,0.194310887196046,-0.3008185207802773
450,-0.6138421999951261,0.16833669973887852
451,-0.37407110651065817,-0.05242976294635885
452,-0.531941146855152,-0.12301272377053415
453,-0.39368807881421847,-0.20447649427466077
454,-0.5706478042337254,0.12039653531432955
455,-0.2724125742188345,-0.23297856012610801
456,-0.62043476664508,0.006364570241728769
457,-0.440480410243023,-0.01736957274664037
458,-0.3869636203329584,-0.3497152216255896
459,-0.4691040519591754,-0.029441067608578085
460,-0.6162192820095116,-0.13373381386059302
461,-0.12536305189960892,-0.038785062448178254
462,-0.3242225761773015,-0.19637280085110245
463,-0.4501512157194671,0.07010156352111956
464,-0.38601295484495063,-0.050192485589071
465,-0.5430211221000256,0.39669225821822196
466,-0.4503475933639025,-0.3095629452558634
467,-0.1444515133349358,0.36449196871282963
468,-0.5724064178760279,-0.08323933172431623
469,-0.6002434235636418,-0.135332096448135
470,-0.5772710768640364,-0.09895593104081968
471,-0.25463219866892556,-0.10766776219428328
472,-0.5775927313216973,-0.12861281610174363
473,-0.41858997605306897,-0.1161907734064311
474,-0.44562464875025276,-0.24189836836544892
475,-0.26155638643195606,-0.2746712771781293
476,-0.3735241255001564,-0.361380595529323
477,-0.417267954007027,-0.010133916657407902
478,-0.3366732745561763,-0.24985794158783137
479,-0.7110383067573849,-0.10500995740197429
480,-0.2462935357071453,-0.12598946248154005
481,-0.5377067657738266,-0.13782543855657528
482,-0.42141806716084224,-0.17637242269242187
483,-0.5808787960094279,-0.1485616161822727
484,-0.3905254900651071,-0.13222190261872094
485,-0.5839459346414699,-0.25988479664636754
486,-0.5790047492200373,-0.12340800577054992
487,-0.5019342413052941,0.026493585529537678
488,-0.635883267010693,-0.10600530052691334
489,-0.6581766912134069,-0.026825551550429053
490,-0.4735964439122607,-0.08441585047143942
491,-0.68749159448181,-0.2005257318376044
492,-0.6933067549463294,-0.20534745591593456
493,-0.27959042985407195,-0.0329436345250367
494,-0.22943543029020866,-0.15367576972142638
495,-0.3106173399988062,-0.09777176199160172
496,-0.19944811256972053,-0.3417182435128726
497,-0.22833637481084812,-0.4187074479497513
498,-0.3770683876833683,-0.249210595794552
499,-0.41346131803770736,-0.039100272888313164
500,-0.276283913158575,-0.2985846719027423
501,-0.5253476358813283,-0.15496090403064028
502,-0.6586996184821392,-0.3627955798081963
503,-0.6002307047884577,-0.12592980600428355
504,-0.3705860011555043,-0.3282473148247919
505,-0.5081936092613915,-0.20412490566965244
506,-0.6527934643947707,-0.08653337427615695
507,-0.6074872447696157,-0.12679151890245632
508,-0.6693702860215293,-0.07553483262555329
509,-0.521926059086396,-0.1367113078694162
510,-0.4768355266488804,-0.061629712777758375
511,-0.5664793787750176,-0.09497638249471735
512,-0.40939794957810527,-0.0036566119712236477
513,-0.37988461731198375,-0.27624119639930833
514,-0.3016461993395384,-0.22841003537238394
515,-0.5806046040603181,-0.1349394384958693
516,-0.43874395574760355,-0.04429078587812849
517,-0.48462809606994206,-0.1716205032298605
518,-0.6483878452405696,-0.1316377800937858
519,-0.5190586649957123,-0.244613164597186
520,-0.6326990079213851,-0.1108407956006741
521,-0.5528266863433149,-0.2020417426276626
522,-0.5439497942244854,-0.11932436200246951
523,-0.49694482630241193,-0.15526855214989502
524,-0.6696390291083646,-0.18753474661771058
525,-0.572409919399478,-0.1428097449689038
526,-0.5172083643108686,-0.1766871174474763
527,-0.6948309891422217,-0.21582518464080477
528,-0.6476646011347788,-0.12346376562125609
529,-0.4338257410557399,-0.13572723365835557
530,-0.4224296394358293,-0.07115312416668979
531,-0.3217094078239249,-0.3271189222958357
532,-0.303491657459116,-0.3808822871975418
533,-0.44138178731116784,-0.10446689211901887
534,-0.24204913525246396,-0.29527668978093485
535,0.1710429194512548,-0.11900271655308889
536,-0.4819547672561241,-0.14414045609033527
537,-0.5450471580869075,-0.1970583463188705
538,-0.49555459000136587,-0.18116436897478413
539,-0.39737991495152536,-0.13514808040303208
540,-0.6393212895212207,-0.21643796117527384
541,-0.6305057982070095,-0.18731067251707326
542,-0.5003270200865545,-0.0009144853953543757
543,-0.4965998866344089,-0.012333990015811203
544,-0.7508348941067986,-0.2571373466090205
545,-0.7016961402125257,-0.21795240420088746
546,-0.3489891956616784,0.22163229650740152
547,-0.03901980385868292,0.0717511060648482
548,-0.33109566444318367,0.5319859124316013
549,-0.3424302325999166,-0.037196853916588876
550,-0.32026356411080714,0.5736881941169288
551,-0.46018603914701733,0.3937998806441822
552,-0.4478238079255717,0.7067114733593268
553,-0.5557098615891346,0.36765498982663614
554,-0.3652394051155486,0.5868795831960743
555,-0.5596356074608011,0.2593647318238095
556,-0.430338676046341,0.631239599856823
557,-0.6008955544061747,0.2755203343374772
558,-0.5397765339374441,0.3559924110334844
559,-0.4013528813485484,0.012715534469308164
560,-0.17642803250535483,-0.07294623182497735
561,0.11422004742789961,0.08680958693198079
562,0.019578559588364543,-0.10502336112862415
563,-0.053575265402635096,-0.10336275050244506
564,-0.38928314670789316,-0.18859720905656338
565,-0.16326362958127125,-0.0015590476586681192
566,-0.4454636634051876,-0.038149381507677514
567,-0.2919633639574185,-0.22366813151314546
568,-0.5094404229698636,-0.10089805331007888
569,-0.22635431316847598,-0.1268631974671245
570,-0.2950733837314861,-0.20267116909276878
571,-0.1576933628930622,-0.22552396278655293
572,-0.11617567592888459,-0.03563144344371149
573,-0.47128947265943205,-0.08209786355258894
574,-0.4263858733905284,-0.1475121878148568
575,0.27656554313303444,-0.04100456951195353
576,-0.24021850073069242,-0.0804503878729969
577,-0.2774249026077467,-0.23732767073057548
578,-0.31944347490093455,0.14223418111570973
579,-0.5215823558824936,0.550033975674244
580,-0.002753449460472348,-0.12071506694820486
581,-0.10161670279585781,-0.09395979561835653
582,-0.5481021958080666,-0.0993747891897196
583,-0.2231204840361257,-0.1335430774216782
584,-0.2274543334962062,-0.2591039715299506
585,-0.18301623417568832,-0.22345477352411613
586,-0.13098193076421563,-0.02631315732920662
587,-0.18025819749914412,-0.08035794693707529
588,-0.3698688859406846,-0.15625286766124127
589,-0.21867170191980806,-0.06373360212987472
590,0.29009218445130636,-0.17368985852551302
591,-0.43712737152937775,0.02808803724480165
592,-0.6279827797326857,0.5541195074890038
593,-0.4892479650569029,0.0035475891378647217
594,-0.5986348746062473,0.03867441858961364
595,-0.6546055970863429,0.025437004932509034
596,-0.3419373436889301,0.10143580821753694
597,-0.41123286611332044,0.44025885005374915
598,-0.5546694695503372,0.13056840111900034
599,-0.6807524479129674,0.04266654941464885
600,-0.7875268543169807,-0.06021185337117709
601,-0.29495772777519674,-0.26060009664681766
602,-0.47702149554814044,-0.03857036342819065
603,-0.4526140657637047,0.014556595147653683
604,-0.6561657289842041,-0.11126979249952858
605,-0.4905456849350216,0.07134343004599078
606,-0.6169470418287457,0.20798210486085453
607,-0.747404512425705,0.39978286823510134
608,0.14322624227402886,-0.046411114797269566
609,-0.04297610377545974,0.05461342822411963
610,0.23455375025204236,-0.03721591514704808
611,0.34363858113520346,-0.0845535058499129
612,-0.16652474746921264,-0.32852988692132706
613,0.1946309567387462,-0.3242563044465194
614,0.14049309989918887,0.05211099200342048
615,0.28430570564646807,0.007826863384050909
616,0.36791559544161123,-0.2064472970836558
617,0.002589132870775023,-0.03628607976846822
618,0.12164358811774818,-0.0003547776200618249
619,0.4475287203799632,-0.28320554885078864
620,0.07462148453193117,0.07824942852657839
621,0.1763458849238419,-0.0173813854045521
622,0.08028816736595945,0.024393003491901488
623,0.573821529964008,-0.020461952207853813
624,-0.5198399477577856,-0.10949416597224713
625,-0.7782518217001981,0.24407627844536284
626,-0.7474699653380686,-0.16999487550088274
627,-0.6526947655387905,-0.14121599383566985
628,-0.5707383412726335,-0.06958221890048304
629,-0.608656995165593,-0.09169016084441184
630,-0.43267108480044464,-0.1778109740007838
631,-0.4995881845383973,-0.11967919632335298
632,-0.5644383005482733,-0.03987194420787418
633,-0.4100759307530379,-0.21360417807856766
634,-0.5987028625544986,-0.051623432660493705
635,-0.7320550533678534,-0.14472829116682745
636,-0.44110862815355306,-0.17256756542407922
637,-0.7058937586843944,-0.19091624020354722
638,-0.5159570986910463,0.02859867182282679
639,-0.5285566756344594,-0.09726861939972441
640,-0.27579813593015956,-0.38081601079086336
641,-0.4158937360563809,-0.05580688044298156
642,-0.7255676999543548,-0.1719816637984067
643,-0.5260968465561014,-0.11397444699935183
644,-0.39859440727686785,-0.08556782551667076
645,0.005809350353292654,-0.3965109778463174
646,-0.5715189383106527,-0.2298413996944016
647,-0.7359894164797781,-0.15542590963701303
648,-0.5459338048973066,-0.14429843056447592
649,-0.6922790133320612,-0.18481871333247976
650,-0.5340283377069139,0.04371048829844642
651,-0.523428141883488,-0.09469932402407358
652,-0.1638673691688231,-0.38669599316174247
653,-0.5447260672187305,-0.030386851653362648
654,-0.7238413960704531,-0.1710420078896513
655,-0.5852833178837339,-0.06650784108909479
656,-0.3932933102053909,-0.07644105270295748
657,-0.020127257652028017,-0.37066815494335126
658,-0.6279123082915561,-0.2380700404387137
659,-0.5140031182844557,-0.13195884387462245
660,-0.7507675005899843,0.33716135342215847
661,-0.7256365824249218,-0.15384751279489084
662,-0.6400845722465666,-0.13219181132987337
663,-0.5357375017587465,-0.0459748842719197
664,-0.5945759982863912,-0.08711142645715125
665,-0.3900593001451469,-0.20535231343283958
666,-0.47190682870144496,-0.11491014765291617
667,-0.5540808427443309,-0.03783390453763011
668,-0.4018692491914936,-0.22758866067197553
669,-0.5847277616986316,-0.05240655488188887
670,0.04792794393218587,-0.023005794022616616
671,0.2564214096569319,-0.14746457174215738
672,0.26616081986066786,-0.007371662311494132
673,0.09199935639671532,-0.40373114981872904
674,0.31340366264642144,-0.05036750717649958
675,0.5674385366105484,-0.02891675566892337
676,0.20881471547877634,-0.1295549439751814
677,0.33528232050353773,-0.004526199767909176
678,0.1670540401455603,-0.0017006875753315812
679,0.17846557088557785,-0.4001180368005139
680,0.1477214706303062,0.27561628093770746
681,0.2567183918463245,-0.23096454820071274
682,0.40835979357928515,-0.5555223095632433
683,-0.011771299559577572,-0.018143506931220355
684,0.25072164719871,-0.13854093404981732
685,0.21563213025382083,-0.020612874859283998
686,0.07959037966470711,-0.4035314720096254
687,0.31847509043429184,-0.03796126478256278
688,0.580831590335037,-0.022408521736327236
689,0.22792211489769534,-0.12731655501757186
690,0.3316086460785053,-0.029724009927661877
691,0.14671491121225325,-0.004384673968528426
692,0.16720505070754732,-0.39520329006689076
693,0.17450940895563824,0.2682340206945844
694,0.23390620472433774,-0.23188459428504252
695,0.40733224090597697,-0.5615607358010936
696,-0.2763871573599381,0.14375262437509567
697,-0.6853679241259701,-0.1374766419398428
698,0.258877441357486,0.45568106903344113
699,-0.2869760118521876,-0.2713084756097599
700,0.3926426560907204,-0.3207087195060673
701,0.4412985070440937,-0.13382063510050302
702,0.472299453854577,-0.4772677323296755
703,0.21807644870170878,0.019113825711445126
704,-0.34587419598347224,-0.02841161940782899
705,0.5593066722159058,-0.33888413268387046
706,0.28214090745255266,-0.3153794867772413
707,0.4172344118570259,-0.41259763860389687
708,0.2649879861724443,-0.26406822842262795
709,0.36677989838191105,-0.07742510929148254
710,-0.4239431736497766,0.1328459379441706
711,-0.539124970325,-0.13608551703681096
712,0.21476693716887446,0.4390125822780402
713,-0.29221511786777543,-0.2616597032115246
714,0.38647779588006814,-0.32408399340413485
715,0.34991996834741734,-0.12771559194257487
716,0.444027830528318,-0.4762881806759504
717,0.203151232938645,0.022426718957206764
718,-0.37260673575040953,-0.010246899775642162
719,0.5689749623995802,-0.3414675721040428
720,0.24819280984234313,-0.2976605759653171
721,0.34324477708139917,-0.37777174410897246
722,0.24897137510776088,-0.24669394674349127
723,0.419370233592583,-0.07650154054081036
724,0.3501952367466125,0.10897645275834607
725,0.20744620147130083,-0.012195807713627263
726,0.07471682415035066,0.020739051598963252
727,0.2744644309912088,-0.3952447625145759
728,0.36254111029136726,-0.23544424657301544
729,0.40817706191660774,-0.007588711689114281
730,0.29656225713519846,-0.4550814861896444
731,0.02644335873943518,-0.054662875195648185
732,0.18390014327028747,0.003212846102632065
733,0.4514780858183644,-0.14016233504868103
734,0.3707263829620378,0.025644535979758014
735,0.3938635105916289,-0.4889975328347559
736,0.2925071610885039,-0.02178637884630955
737,0.48760990818643135,-0.5863358330799473
738,0.18063700680901834,0.3640063708425475
739,-0.24571850150079697,0.2771773468028883
740,-0.4293096017277453,0.5010367667354809
741,-0.507514679955261,0.24592256806926563
742,-0.41672280808202805,0.07934032178229258
743,-0.4741095074007646,0.028065798817068183
744,-0.39849801246578137,-0.32309170880623156
745,-0.018472425490495478,-0.27583699115197996
746,-0.3381706249089456,-0.03220635787541188
747,-0.4538914421435317,-0.023677570670977012
748,-0.4848561595579406,-0.0830257105664397
749,-0.6539875078379578,0.5254255693100409
750,-0.4479344470490768,-0.1966614072188147
751,-0.5172095364617986,0.3919880335791362
752,-0.647672559935072,-0.11331831510079698
753,-0.19247143590042695,-0.050482794974386305
754,0.3534134886463891,0.044464001860732336
755,0.22458725836755852,0.09964137337443219
756,-0.3126638530798698,0.22414492656093288
757,-0.4536716867426403,0.5774434226146528
758,-0.5440049895794042,-0.02229668833993601
759,-0.45990476696573424,0.006009924999204278
760,-0.5559370924363174,-0.028507202278917062
761,-0.43647772380527855,-0.2510538989513948
762,-0.07103027119393081,-0.24192931102731619
763,-0.3488985832905864,-0.012933696261955726
764,-0.48391204441702534,-0.061181826804328376
765,-0.6756270736785899,-0.06289901365653343
766,-0.6840095479810582,0.45171177625735115
767,-0.48088223994686624,-0.18257977844102288
768,-0.5428471823562566,0.502348685152903
769,-0.7077815460162996,-0.01831623096979321
770,-0.26295173116376236,-0.03745797319759424
771,0.32852369765195255,0.06584229966722337
772,0.17180415984775815,0.05866291315978783
773,-0.2397188022286718,0.41987783859831673
774,-0.2787854930455564,0.059808651820277496
775,0.20816006101548515,0.1189400011746731
776,-0.2560600120556186,0.15777356810128232
777,0.10138589268388658,-0.030663095361353976
778,0.42274324456328616,-0.01694704887578843
779,0.37524505717965007,0.09675140521357982
780,0.12063739109297433,0.09777303447444179
781,0.4932753684403656,-0.04902787883519327
782,0.09152213804848935,0.3095668038948707
783,0.045827521378203964,0.054904048879379566
784,0.14284528648703815,-0.12505145204499385
785,-0.1589654816023127,0.46931851926612084
786,0.11375668537034231,0.020939869351062356
787,0.45473342328197014,0.21958454214980436
788,-0.24116602839840268,0.12287275212409732
789,0.2322346399928052,-0.09517543107042073
790,0.6338983231933737,-0.10188518884915451
791,0.4701415959464458,0.07599613681066053
792,0.29571165650509634,0.08369941083770131
793,0.6943688597081324,-0.18036826994294386
794,0.29395616824434556,0.2280685513687439
795,0.26795362327845285,0.07520432452331823
796,0.5633198312831041,-0.2701846428886651
797,-0.14183127416146377,-0.02530097958758307
798,-0.5231784729660212,-0.025410848782797302
799,0.3136088371683055,0.13150885232558512
800,-0.06250359515410248,-0.04483097178818111
801,0.48743670978728,0.029365650424494783
802,-0.21494781430640209,-0.08438127793705862
803,0.38507232540034936,0.005376556358943655
804,0.19491487459333987,0.014922680406586442
805,0.19935937093631903,0.36102125515454325
806,0.16448235351562815,-0.242386524506368
807,0.7452723701349042,0.1357975491121192
808,-0.2009080148485905,-0.02739294912122791
809,-0.4994643029944143,-0.058166707970522855
810,0.24403848996614227,0.08807199402163045
811,-0.06804504838678595,-0.05101991223752621
812,0.4959285167693775,0.03536403828758878
813,-0.21732710187134419,-0.08284083876865204
814,0.3862790086458862,0.0047256037319765385
815,0.19404881406565094,0.0004902260277276158
816,0.20044277486943532,0.2018057078989207
817,0.1603515749545942,-0.23532663363932113
818,0.6649350665159064,0.10043609960593086
819,-0.00586353620218508,-0.08801797851859008
820,0.14666311772058863,0.052225362486504064
821,0.13621560308902053,0.017619812885401254
822,0.11617724103462344,-0.049758745284525015
823,0.6226912566264027,0.2113515178702405
824,0.4074754843771267,0.034381180607500776
825,0.30912806123119974,0.530392747669946
826,0.097599531482859,0.021924335501931017
827,0.12416109662001458,0.6582566464310254
828,0.21933096014582512,0.5695124344383078
829,-0.0842134814189494,-0.08316026541627546
830,0.27474528820611643,0.11942585356454012
831,0.14839753950599213,0.04430231060510455
832,-0.012893398683507194,-0.0023019307696765337
833,0.5247045428985698,0.2705821965341701
834,0.31803246636937776,0.056966939890301986
835,0.17910609895055812,0.5797912244988673
836,-0.04578816073206387,0.06600068303137503
837,0.09406681376653028,0.6949895931346864
838,0.13401982142702265,0.5959125639545267
839,-0.3672374823882178,-0.0699428899438519
840,-0.48109249743723703,0.2636316714743756
841,-0.5494510014533356,-0.05607830711206085
842,-0.6053193446888893,-0.05735693601200113
843,-0.41600922441665744,0.009517047177046507
844,-0.256656271953787,0.21387245905374058
845,-0.5115952281850134,0.31188613258337733
846,-0.43328164008348385,-0.16055098061016204
847,-0.5368506072955725,0.005920971409105593
848,-0.537785634814505,0.014280365145901178
849,-0.7051446923709657,-0.09304495047954005
850,-0.6982391303441499,0.37750828657283075
851,0.521333771412831,0.34510967853290947
852,0.2825805718564221,0.22143174762039242
853,0.4733938625642922,0.39930512549296593
854,0.20105240483508394,0.5050122671394276
855,-0.009004228648085411,0.12977283116366614
856,0.1837993137797808,0.005749061695590554
857,0.43750310444030327,-0.36164500057761784
858,0.5418516758051898,-0.11449517309083784
859,0.3625591591843994,-0.4198620289448488
860,0.4172812199461729,-0.4076767269157679
861,0.17505079842885785,0.10527577830020833
862,0.48023083117787885,0.2493792531641521
863,0.18642858148993757,0.12486108925313175
864,0.44565431263814836,0.2816327098908995
865,0.12092141951875716,0.06642343884172361
866,-0.061065447177462796,0.25994718149240076
867,0.11182098516514308,0.01917143717528242
868,0.35080409518836325,-0.26793382766258506
869,0.4942764942915721,-0.08442232954312234
870,0.2821288262530668,-0.3977311898475377
871,0.4829058827288831,-0.34471967627588224
872,0.11015528291366208,0.058087635688367494
873,0.5462296433273826,0.3704790719141995
874,-0.012634575341235679,0.22067586146762982
875,0.4405221961856941,0.04003394497949705
876,0.301375187918336,0.13883300818904293
877,0.4572640105466631,-0.20836324208942597
878,-0.28907436577985746,0.5424203298543984
879,-0.06940962298903802,0.514552330540005
880,0.5849069072110988,0.006145393254926165
881,0.5600623818705379,0.0030969152803790416
882,0.4589042114696128,-0.4380475476908673
883,0.5757432016028826,0.45091229368489033
884,0.05510150828515551,0.39793526153769193
885,0.6289412521258831,0.007099673403249909
886,0.3454407018081401,0.16276945253921304
887,0.5204642121685766,-0.20719620604974562
888,-0.15371031135672258,0.6617636119239199
889,0.05843881849908946,0.41879179023221824
890,0.6496027854178084,0.01147882754417664
891,0.6066753088852673,-0.011754318378746745
892,0.49445419041018457,-0.4782497134984781
893,0.4188515846833347,-0.048494085078585866
894,0.18308685638006025,0.7966938018536343
895,0.180297509656089,0.19154573419315654
896,0.13778564397460485,0.2593151844187699
897,-0.251959662404079,0.7140845347457454
898,0.4518948074676047,-0.18154955249336593
899,0.3307533051542826,0.8460497133042255
900,0.3972964517609178,-0.0038415688610937532
901,0.617637642750082,0.019065784513208773
902,0.4126968624854694,-0.0008741608735494916
903,0.38136207657515225,-0.046525726873314056
904,0.16282225740266426,0.7977577792618892
905,0.16205937057643258,0.19250331386058606
906,0.11549458509946924,0.2604855595678504
907,-0.2732374913303448,0.7152017110244131
908,0.4285905186435995,-0.18032597847387263
909,0.3064357863814073,0.8473264861941319
910,0.3770318527835218,-0.002777591452838707
911,0.57508198489755,0.02130013707054427
912,0.389392573661464,0.0003494131459438355
913,-0.08903731348573884,-0.09905196882778122
914,0.29233298472993974,0.10847337407722119
915,0.21551357717390826,0.11529138355737129
916,0.3618824973753834,0.08921660843978588
917,-0.11906698973749846,-0.16534023561820227
918,0.2010405479613369,0.08583944312610671
919,0.49610558770690516,-0.506640785444594
920,0.33291307649058527,0.19143361320419788
921,0.17824240439614716,0.12006736845495573
922,0.18051663973333762,-0.004181043012223186
923,0.21908888878143812,-0.17701739498547506
924,0.5334645184211865,-0.25658022402392633
925,0.39554729585932935,-0.047270511059092565
926,0.1607957975049247,0.7978641770027148
927,0.15800645078095338,0.1927161093422371
928,0.11549458509946924,0.2604855595678504
929,-0.2732374913303448,0.7152017110244131
930,0.42757728869472955,-0.1802727796034599
931,0.3074490163302771,0.847273287323719
932,0.376018622834652,-0.0027243925824259516
933,0.5740687549486803,0.021353335940957074
934,0.379260274172766,0.0008814018500713443
935,-0.08903731348573884,-0.09905196882778122
936,0.2933462146788095,0.10842017520680843
937,0.216526807122778,0.11523818468695862
938,0.3628957273242532,0.08916340956937312
939,-0.11906698973749846,-0.16534023561820227
940,0.2010405479613369,0.08583944312610671
941,0.4981320476046448,-0.5067471831854194
942,0.33392630643945515,0.19138041433378522
943,0.18026886429388678,0.11996097071413007
944,0.18152986968220744,-0.004234241882635923
945,0.22010211873030797,-0.17707059385588783
946,0.5334645184211865,-0.25658022402392633
947,-0.5951312254449495,0.4856756956528499
948,-0.35997856097283154,0.004633534484787923
949,-0.4892796695279999,0.03810091526678923
950,-0.5948986896713122,-0.07744193818523035
951,-0.3444206634863079,0.08670644031769774
952,-0.4862675823579467,0.08018476531461277
953,-0.1939359479307093,-0.017278917490993785
954,-0.2958171902739426,-0.027435743840313605
955,-0.2760903094411323,-0.30562509511804087
956,-0.40821534229667644,-0.15515033304996279
957,-0.2704283444466519,-0.13560174735663344
958,0.04710329684334511,-0.03863722982236313
959,-0.17215854292137198,-0.20110272006872826
960,-0.33089780057351376,0.18366576738327586
961,-0.35282748202770875,0.019116329819849953
962,-0.4990497920482909,-0.033390212942787746
963,-0.661991560418348,0.4017466215222884
964,-0.4826127821382595,-0.033169496911089946
965,-0.5486261943801479,0.45222332285368066
966,-0.428243256802926,0.006303600674632033
967,-0.5128906902780048,0.03811896534352667
968,-0.6259334640499483,-0.08135295021770428
969,-0.37179515168425814,0.13678028589834126
970,-0.4926331727816625,0.09338600512794464
971,-0.2226197359225616,0.03120399222525099
972,-0.3380789663907358,-0.011974476075010598
973,-0.33373992612580944,-0.24016064200282897
974,-0.4728736773981041,-0.12502347141368153
975,-0.2809408326730067,-0.09801217733131036
976,0.14273337812060588,-0.011058976106873593
977,-0.19855154729573046,-0.1785083462009685
978,-0.44149957174350923,0.14739540852954353
979,-0.4029626693569808,0.04662465815563387
980,-0.5463370525763498,-0.018747725604833322
981,-0.6978131476089812,0.4277642478941432
982,-0.5444803216517232,-0.030407542323215308
983,0.5970818148864586,-0.027093840396459044
984,0.27709806631889733,0.04414674497075865
985,0.7743179156035971,-0.050956950293152795
986,0.346047923424676,-0.4149388014268491
987,0.5544399077965343,-0.06454475161344651
988,0.4626023698966459,-0.31164793456657564
989,0.4804295526761466,-0.4969000179644743
990,0.04544942143182549,-0.008414589394717056
991,0.6500434166982535,-0.07052682823523808
992,0.5114555172419301,0.21158972148056152
993,0.8068605001924379,-0.1290316123748094
994,0.40010842020034976,-0.5030031770997615
995,0.602721991067987,-0.0964438077531625
996,0.6257378925768782,-0.33358999748597196
997,0.5526459546452205,-0.44449982674611277
998,0.1252280863788091,-0.011275799312617265
999,0.15508558958936744,0.12519362239317527
1000,0.20389006732651382,0.04848147824611561
1001,0.2394096016526876,-0.019940324004258245
1002,0.45533652555139353,-0.30809493666515286
1003,0.4316273396299825,-0.011117770736429939
1004,-0.1085944409601934,0.004773885240435041
1005,0.16157379571190808,0.26451627753544155
1006,0.3465049117117824,-0.32068423643796107
1007,-0.013039188281393251,0.03991589912754584
1008,0.3329185035867146,0.02519242402222956
1009,0.4279267757480778,0.06048058112466725
1010,0.39111490879674154,0.05805120497394309
1011,0.379488753949703,0.08087681408886477
1012,0.5137120647093241,-0.3753723586864954
1013,0.5618285250812882,-0.02732594064660692
1014,-0.14483785834342905,0.011199314389110065
1015,0.2574133586343928,0.44996903468194693
1016,0.45346636692318876,-0.41094408675870153
1017,0.32653213419640975,0.4005397139718025
1018,0.4701151382613294,0.0028975519167183388
1019,0.18929660825369923,0.5348834275617022
1020,-0.0783426536434321,0.43705526483780477
1021,0.5005312107391043,0.2704544206131555
1022,0.321436125503607,0.21282176230416125
1023,0.44823823825380793,-0.36642317585968714
1024,-0.14894656687122443,0.6400307600885371
1025,0.38170477239246253,0.44971251983838934
1026,0.3491695822123673,0.24335598818596432
1027,-0.055605613441546846,0.12694312992500167
1028,0.16785114849177343,0.30834518529453564
1029,0.5241480994092637,0.5796112475128187
1030,0.08259919612146804,0.2548873861643091
1031,0.5661265029450923,0.10893338492630517
1032,0.4166167189741182,0.4621928382279892
1033,0.46961961716189143,-0.4040976840921538
1034,-0.10387381019613363,0.10670202417541745
1035,0.47668877957191896,0.4595257156686418
1036,0.4291876795290667,-0.24981487905920444
1037,0.17452053000484047,0.07890132802215666
1038,0.3773623288275521,-0.004757594235993348
1039,0.3180710966862779,0.23992540201853296
1040,0.23335647132487775,0.7981601815080267
1041,0.3095025194393588,0.5662462041792917
1042,0.2705898689322741,-0.08979784286606209
1043,0.3096704384693792,0.38035770467754076
1044,0.2795798060180811,-0.21332720201698946
1045,0.040387841125551126,0.6104275558315223
1046,0.4195026843338226,-0.19793464375688075
1047,-0.19221259965578635,-0.12655520527294814
1048,0.07797141533993594,0.8511072937090961
1049,0.26301498543465907,0.6815193283586911
1050,0.20271304513237653,0.4766988077944286
1051,0.630511573110256,0.2821994418667004
1052,0.2823533160028343,0.2540458238916825
1053,-0.22360141080785895,0.8408350725825433
1054,0.4342533870712089,0.7508744730755637
1055,0.18864259769586392,-0.1959016446813558
1056,0.06551755550314478,0.049203978498154305
1057,0.27754189873148594,0.24205335683504312
1058,0.1908008134723462,0.8003945340653623
1059,0.2720130113311763,0.5682145623845636
1060,0.2351268207218311,-0.08793588240161575
1061,0.2509031014349308,0.3834432391614803
1062,0.23195799842120052,-0.21082685510759006
1063,0.003911562966238331,0.6123427151663812
1064,0.3840396361233797,-0.19607268329243446
1065,-0.2286888778150991,-0.12464004593808904
1066,0.04352159707836275,0.8529160553031293
1067,0.22957839712195563,0.6832748910823118
1068,0.16724999692193354,0.4785607682588748
1069,0.5980882147464225,0.2839018057199084
1070,0.24486380789465179,0.2560141820969539
1071,-0.259064459018302,0.8426970330469896
1072,0.39980356880963575,0.752683234669597
1073,0.14608693984333232,-0.19366729212402034
1074,0.03208096719044138,0.05095954122177513
1075,0.2930235231087189,0.11112939874448437
1076,-0.07945152419718715,-0.05097214407141733
1077,0.426219568757667,-0.24691527579755426
1078,0.25668441995619246,-0.4624184053083903
1079,0.16212161483419943,0.05522850248137805
1080,-0.11125801492280717,0.041315018225910806
1081,-0.01839249411399947,-0.1570440168498397
1082,0.12221310000186604,-0.042762737874400866
1083,0.1002634833243822,0.09892806252248852
1084,0.2549249776771767,0.6539837570495995
1085,0.21020568033332704,0.7834639335051587
1086,0.3008461875554914,0.24082978281554981
1087,0.2161315621940912,0.7990645623050442
1088,0.2973437600529212,0.5668845906242447
1089,0.2594443394947063,-0.0892126552915218
1090,0.28231322984989454,0.38179407417868505
1091,0.2583019770918153,-0.2122100257383217
1092,0.030255541636853105,0.6109595445356497
1093,0.4083571548962548,-0.1973494561823405
1094,-0.18410676006482796,-0.1269807962362501
1095,0.08607725493089435,0.850681702745794
1096,0.25288268594596097,0.6820513170628184
1097,0.18954105579706912,0.4773903931097944
1098,0.620379273621558,0.2827314305708277
1099,0.2701945566163968,0.2546842103366353
1100,-0.2377866300920362,0.8415798567683219
1101,0.42310785763364117,0.7514596606501039
1102,0.16635153882072834,-0.19473126953227526
1103,0.05437202606557697,0.0497891660726946
1104,0.3163278119327242,0.10990582472499102
1105,-0.05209431557770256,-0.0524085135725616
1106,0.4485106276328027,-0.24808565094663482
1107,0.278975478831328,-0.46358878045747076
1108,0.18542590365820477,0.05400492846188479
1109,-0.08896695604767157,0.04014464307683028
1110,0.002885334812266322,-0.15816119312850752
1111,0.14247769897926205,-0.04382671528265583
1112,0.1205280823017782,0.09786408511423357
1113,0.27518957665457267,0.6529197796413444
1114,0.566039746365729,0.6082757659725946
1115,0.5358371502411732,0.040248572367970276
1116,0.42695235729856135,0.6123162695056815
1117,0.4948177859886975,0.2872514639939992
1118,0.6185088157979226,-0.3353745099583127
1119,0.3940413713293068,0.6210803402594443
1120,0.5096114799842073,0.10239102590696855
1121,-0.03667462497890331,0.5143928970803046
1122,0.4583665323910982,-0.5226348534098688
1123,0.3844964112141157,-0.07970235900498743
1124,0.5360781134116016,-0.2075652295300665
1125,0.4002827901126369,0.36767897531443094
1126,0.400050639580424,-0.44863703909238656
1127,0.24283584090099286,-0.27690538553327465
1128,0.4206653367086091,0.03090826070116004
1129,0.3875429710274194,-0.37015661780463555
1130,0.47921458151811325,0.10398699201935119
1131,-0.05693922395629932,0.5154568744885595
1132,0.42087702428291557,-0.5206664952045962
1133,0.3561259726457611,-0.07821279063343038
1134,0.5178399743319451,-0.20660764986263683
1135,0.37900496118637106,0.3687961515930988
1136,0.38079927055189794,-0.4476262605545443
1137,0.22358447187246666,-0.2758946069954324
1138,0.39128166819138493,0.032451027943129825
1139,0.3723445217943724,-0.36935863474844427
1140,0.09581130926372876,-0.03628173463928912
1141,0.39548029604529134,-0.5032488300693808
1142,0.453609934667849,0.647552641158175
1143,0.35169690039460433,0.2009121703889049
1144,0.11665200957901328,0.023423582872588406
1145,0.0370744971385528,-0.0034663240180186896
1146,0.20610393182303274,-0.03439691666458871
1147,-0.1645368419233697,-0.15118359064198433
1148,-0.48346217532721814,0.20839242257160578
1149,0.19472238689423652,-0.061431423072393215
1150,0.4721219718760247,0.1043593841122405
1151,-0.058965683854038914,0.5155632722293849
1152,0.41682410448743634,-0.5204536997229455
1153,0.35207305285028206,-0.07799999515177937
1154,0.5158135144342056,-0.2065012521218115
1155,0.3739388114420222,0.36906214594516246
1156,0.37877281065415835,-0.44751986281371875
1157,0.221558011974727,-0.2757882092546069
1158,0.38824197834477553,0.03261062455436815
1159,0.35714607256132525,-0.3685606516922531
1160,0.08162608997955163,-0.03553695045351059
1161,0.37217600722128585,-0.5020252560498873
1162,0.4414511752814115,0.6481910276031283
1163,0.34561752070138557,0.20123136361138133
1164,0.1095593999369247,0.023795974965477664
1165,0.03403480729194339,-0.0033067274067804194
1166,0.19901132218094414,-0.03402452457169945
1167,-0.16960299166771864,-0.15091759628992057
1168,-0.489541555020437,0.20871161579408232
1169,0.18762977725214794,-0.061059030979503916
1170,-0.5691972912407447,-0.06862391666611424
1171,-0.46252836878084974,-0.027642277962956187
1172,-0.09178423904553507,-0.08867991311873084
1173,0.08113550175119733,-0.22861393651762638
1174,-0.21003152838219108,-0.48634748698205005
1175,-0.3867847575670102,-0.16581916045295808
1176,-0.21071712939276327,-0.12707446850812973
1177,-0.29206400500880936,-0.09688658543776842
1178,-0.07353531414197359,-0.06838891723051162
1179,0.17547134618492574,-0.01822951696324017
1180,-0.3084967557904906,-0.1503754431519156
1181,-0.3862084401924877,-0.13523573155495713
1182,-0.18720847131423954,-0.025001685522515752
1183,-0.4440454574977623,0.4707955595012167
1184,-0.25749308793877596,0.07706510004374494
1185,-0.24162444108888326,-0.12480212147793875
1186,-0.1942469264571502,-0.45131906214317796
1187,-0.4014961269590777,-0.052140941824507014
1188,-0.24534812567030087,0.29658816998962606
1189,-0.07374771603532193,0.05676107490828638
1190,-0.1750800445372558,0.7098161293532202
1191,-0.20318081102991642,0.27450241986498675
1192,-0.5100925282107441,0.5736166240086739
1193,-0.45548050505499255,0.5135707678529581
1194,-0.3082331412300451,0.5523218194999273
1195,-0.26112846789783634,0.09708117729858103
1196,-0.2306587998881942,-0.2958663847678197
1197,-0.4310900793662176,0.0470260109338994
1198,-0.2449829888495792,0.471408272931736
1199,-0.055144799484460424,0.09994861001584278
1200,-0.04537625166598445,0.703637654625361
1201,-0.16698855511817295,0.3899664015105635
1202,-0.5421667403388747,0.5476211915258475
1203,-0.45290110645905785,0.510980431582713
1204,-0.30782157480121775,0.5465108929431423
1205,-0.19494090498360786,0.04398995800513563
1206,-0.25013030538379966,-0.2896859866182306
1207,-0.4299361112759433,0.05889854348730368
1208,-0.2508795253584997,0.465319974858857
1209,-0.06162696668892538,0.09702342874282244
1210,-0.043037733492042825,0.7112527654176801
1211,-0.16713016626849975,0.42628759040283765
1212,-0.5448828333781167,0.5476224740521968
1213,-0.26411868411951717,-0.21268325254073642
1214,0.4834735260443713,-0.2581592998961067
1215,0.0990249658026725,0.13310402489929563
1216,-0.2022329267095482,0.02442188971823834
1217,-0.41714684141693203,0.6061725449219832
1218,-0.0690948459489372,-0.05156614478407528
1219,-0.4087001426276845,-0.2182365113529221
1220,0.025024795983074298,-0.10339263870025917
1221,-0.1662448601836483,-0.14820990428730244
1222,0.18914835986856568,-0.3047439759368257
1223,0.23697327333335888,0.5277587289113255
1224,-0.20994384189553736,-0.16597597160024433
1225,0.13317089541334692,-0.09804567376788993
1226,-0.17189748686121825,-0.035461023201466074
1227,-0.0857156808950284,-0.570907947866235
1228,-0.11123062251706735,-0.18973716037485563
1229,0.11634348249791326,0.32011948780498833
1230,0.4817654634718913,-0.24920044982406672
1231,0.34007459275539337,-0.3568691900886621
1232,0.35891422251536254,-0.11293960327145908
1233,0.569878966969647,0.06094584183185563
1234,0.46332631690393083,-0.09478683844087166
1235,0.29502141018791284,-0.31964937728106857
1236,0.5634039941901999,-0.3583766863034718
1237,0.3756530958250131,-0.20510225315803843
1238,0.3784760460385797,-0.3357792349542837
1239,0.4041654665742338,-0.23915056977392649
1240,0.31860123006085894,-0.37230910877689904
1241,0.3688463405546135,-0.10630885273908944
1242,0.5694838419226012,0.045571543433486614
1243,0.3567590095878133,-0.0981982097632776
1244,0.3149735441708825,-0.31763289573904513
1245,0.5243811695006108,-0.36360661754484025
1246,0.3734916819566873,-0.1818906960491294
1247,0.2493440959859192,-0.36420985607788364
1248,0.463984784977903,-0.22930584400706652
1249,0.34671257905154973,-0.3652098811652628
1250,0.3393178073665089,-0.10309631057254029
1251,0.600449715888425,0.06116263209986956
1252,0.440977642941367,-0.09657282150752541
1253,0.39297608352041336,-0.3622769731436318
1254,0.5551787679594733,-0.3697344104295844
1255,0.41588704856168335,-0.19150031538263454
1256,0.2931425186509234,-0.3704111550750664
1257,0.5599247499069412,-0.24414232279565687
1258,0.43435735646728735,-0.48744219702153696
1259,0.44554323809982366,-0.27333757957653704
1260,0.48194622732755904,0.19022417889379578
1261,0.4565453152994415,-0.12334084439116776
1262,0.2745756938756718,-0.014309738879758331
1263,0.37475273463641945,-0.42302509129400745
1264,0.2407561512956446,-0.14989387281092525
1265,0.39090527545197845,-0.27688870960069967
1266,0.23397771434234532,-0.23067474832618057
1267,0.5490078043823211,-0.25770573389284107
1268,0.5132951788094403,-0.5185712747126602
1269,0.382566152464698,-0.2704691680233342
1270,0.5463249361142886,0.09455205910797053
1271,0.45463764622391606,-0.16679740035461577
1272,0.3305230224149502,-0.02416012103848269
1273,0.3733693142553244,-0.47167327734433867
1274,0.235650640328794,-0.18847824227228122
1275,0.4594710940617825,-0.33660035036322444
1276,0.09925067284681549,-0.253516786382974
1277,0.1368324272833889,-0.27878666894287724
1278,0.3554308690193743,-0.17875748392020713
1279,0.14185696187300015,-0.4114517665647102
1280,0.11221946577816269,-0.1713966692840092
1281,0.24189205954830412,-0.20748526734487446
1282,0.03625063017107665,-0.2000351343514307
1283,0.46764176610525304,-0.5094928347178835
1284,0.320819124199251,0.032135348461422575
1285,0.22670854279558064,-0.2987578521273168
1286,0.14795250633564394,-0.18412486202322223
1287,0.03983580183225392,-0.2696567815612181
1288,0.33258174333056933,-0.143281208951552
1289,0.1185588151956133,-0.3564082639495539
1290,0.02137064892804032,-0.25421005166057703
1291,0.23971616140119045,-0.3141988513409796
1292,0.11966596863814553,-0.18633348788385037
1293,0.47643417818332345,-0.45797161231141287
1294,0.3153318984348511,0.07218550581736857
1295,0.21647003698979772,-0.2825397604589517
1296,0.15794398456361564,-0.1705448610641486
1297,-0.022709464395269125,-0.24294050484670707
1298,0.28739162889864256,-0.17158490345586522
1299,0.09661984248660636,-0.33852453641755836
1300,0.16062509176864181,-0.19624905820119473
1301,0.21490168396470488,-0.3839968978747744
1302,0.12329028155055208,-0.2563989865037549
1303,0.40331004753228394,-0.3863277111400463
1304,0.2953981230724578,0.1546199313214541
1305,0.19541966468888317,-0.28533090731733646
1306,0.06659079881130474,-0.19917760710176366
1307,0.42538959998629683,-0.3722209844129672
1308,0.13965574687876897,0.477614740774674
1309,0.2931173522805229,-0.211585948045854
1310,0.5969588008329318,-0.48310281672042515
1311,0.4952847930378545,-0.19868154857206244
1312,0.3943661768830621,-0.11687046049209147
1313,0.5673641785351283,-0.3298368999974211
1314,0.4266680280104901,-0.16725369430736883
1315,0.29298523746684935,-0.09390952740390737
1316,0.4233322595554337,-0.1294776438106335
1317,0.40221922171994634,-0.09132956279377555
1318,0.5495975826599926,-0.21128841340006949
1319,0.4552399038761225,-0.3681595031371109
1320,0.17028619387678273,0.47463110780565365
1321,0.31496875498249094,-0.20977423742230886
1322,0.4624043190070459,-0.48374221626741765
1323,0.5355303779129055,-0.18025937457363164
1324,0.394726767386165,-0.07649289702238989
1325,0.5881965676497843,-0.3319340651152576
1326,0.42966899936492026,-0.1869748280542648
1327,0.29580621747433783,-0.09487133523819334
1328,0.43292570784817846,-0.13871743194447395
1329,0.4111194747627972,-0.08360989120356654
1330,0.5484877718578883,-0.22699138340091587
1331,0.24071302102824715,-0.2992674935970656
1332,0.4104323892518243,-0.1354922323878951
1333,0.4951702897785413,-0.3020706988328095
1334,0.38252930087268266,-0.16896083714774018
1335,0.30321761914387335,-0.4190778257834627
1336,0.39949754379012287,-0.05410923930105301
1337,0.5510063632779323,-0.10005305717460446
1338,0.3444629858957643,-0.15218355413228996
1339,0.4165774854559647,-0.15776466334176298
1340,0.4999225976289191,-0.04570490873617793
1341,0.28168162788115375,-0.028425547642184017
1342,0.1628904374800472,-0.32276553985118994
1343,0.2254816250494022,-0.21742917764518307
1344,0.28841732538172216,-0.28709867304096703
1345,0.4726177249663722,-0.36140974643763346
1346,0.2850054953554734,-0.13876183213642324
1347,0.30831638919601884,-0.41932202283320014
1348,0.33038946366587946,-0.020690023810666994
1349,0.5686491862266392,-0.08487478346418081
1350,0.38380774902448506,-0.11015531629496572
1351,0.4232784740526843,-0.14633856888706084
1352,0.4870069387607139,-0.04936545890822427
1353,0.25740766774179014,-0.03008116993343674
1354,0.25596262066466474,-0.3218209796544429
1355,0.3501055870457363,-0.2153356695190782
1356,0.30102954737114557,-0.3040727003492327
1357,0.5172464150204168,-0.36798265128216784
1358,0.3040855098786866,-0.17101006386342302
1359,0.33044046179946884,-0.4135645106918448
1360,0.3676495269681191,-0.035656159242319456
1361,0.5894115312733854,-0.08613207538602137
1362,0.4207927600412542,-0.08929478604635088
1363,0.45827055576425696,-0.13694498530380717
1364,0.5125872907915356,-0.05320287388948975
1365,0.3670955458710208,-0.053062266333326245
1366,0.2894665182981661,-0.3237144694040829
1367,0.2733605089880254,-0.2996276706027008
1368,0.4080341533506542,-0.10326331645391458
1369,0.5133688456591331,-0.3096363421818275
1370,0.23529667121306752,-0.13755056157077905
1371,0.34489092332170285,-0.4162860192746869
1372,0.45491218679705525,-0.01865877185253222
1373,0.5696698294358578,-0.09766621797235613
1374,0.3670545131210322,-0.141476752879076
1375,0.43770526272289245,-0.1588099526565369
1376,0.5108677001903563,-0.058079676833769495
1377,0.3179901298175513,-0.06054047476127473
1378,0.2842233848041427,-0.3149894655113776
1379,-0.3903621123652886,-0.10113513579061749
1380,-0.29431777583760793,-0.023479681744404117
1381,-0.3251323572262766,-0.19701417050175504
1382,-0.353946560060382,0.6684938305521437
1383,-0.03503721082472601,-0.29450374960610687
1384,-0.01769659046901262,-0.14822298328643035
1385,-0.3317941369225773,-0.11859171314172279
1386,-0.48774179891823705,-0.10780686094205391
1387,-0.22199063399815225,-0.03880759356961093
1388,-0.525345390017799,-0.04436345641347579
1389,-0.45708783163747285,-0.09362735936192382
1390,-0.027732711118931566,-0.04802901141568751
1391,-0.4057258861975325,-0.1024488024219094
1392,-0.2889322813156287,0.016459782741742222
1393,-0.3249625710773429,-0.17317317250147984
1394,-0.36043675629231275,0.6992255336757406
1395,-0.05702672737743069,-0.300074853817496
1396,-0.043245961366583485,-0.12366457306515106
1397,-0.21257841159207896,-0.1129588033528317
1398,-0.5048526102242438,-0.09104974201449223
1399,-0.14746687991211752,0.10859688937248126
1400,-0.49698205582392424,0.04462085772009537
1401,-0.4454809788390423,-0.0844800070260177
1402,-0.03668872053504589,-0.017538709299934348
1403,0.11976681995629188,-0.08082065030723745
1404,0.4976615836681689,0.42929453658814987
1405,0.6354317837385,-0.48940468663582587
1406,0.7005843025971495,0.014843928294599
1407,0.4830738932173359,-0.09964514876684218
1408,0.4157697034321222,-0.029913880822091978
1409,0.41893912698445696,-0.015143288180535718
1410,0.5091678972895494,-0.14113003380489214
1411,0.14409458525186927,-0.10418722351951037
1412,0.6907531744996515,-0.3455780934216883
1413,0.2995678824780849,-0.22856233211213023
1414,0.3789271799932931,-0.1298066459767875
1415,0.3739562489820443,0.5240197347009224
1416,0.4495866673917308,-0.4713907938801716
1417,0.6441312603669758,-0.03462647022030941
1418,0.4634859977263196,-0.09499253966554343
1419,0.2792257545263974,-0.23680370496266565
1420,0.3074411952910176,-0.01197655463166709
1421,0.44489508377010495,-0.13428892076807147
1422,0.5306385714116262,-0.22959743000060312
1423,0.10352226090215721,-0.10080374321832075
1424,0.6778344198017519,-0.3345023466139487
1425,0.5277697708160177,-0.1269582400865781
1426,0.39928477740334184,-0.0670546396886411
1427,0.5229924823559136,-0.1865588154023447
1428,0.45453727014844164,-0.1289553072861727
1429,0.3898732901461499,0.47962382753121535
1430,0.4686948821718184,-0.48834777470352225
1431,0.6695563481490814,-0.021447807691172154
1432,0.47672652105471547,-0.09562957380404351
1433,0.29177919876006486,-0.2256321892497819
1434,0.30446194888940514,-0.004323745451637166
1435,0.43784317638734455,-0.12835731784234938
1436,0.5579192778712547,-0.22963863625734596
1437,0.1288636930899713,-0.1035672550028705
1438,0.6665680810016161,-0.3429363065116348
1439,0.537570948197115,-0.13496439555711576
1440,0.4158147368617307,-0.0764540215936802
1441,0.5363217684963554,-0.191471728612775
1442,0.38298384717221784,0.041880983898817475
1443,0.5856293375305198,-0.025244317764505926
1444,0.4385342887444239,-0.1300294272319576
1445,0.19268113789672392,0.03146792051208211
1446,0.6072342305900132,-0.03819774244086618
1447,-0.04982999304234989,0.6617350169213442
1448,0.48350911180672157,0.5519519215669809
1449,0.3535908343393587,-0.16289974167694143
1450,0.48053976707091983,-0.511548060421921
1451,0.47748001182356437,0.37916949132020866
1452,0.43283486628156426,-0.08212006819911398
1453,-0.037199301033908165,0.5771580102322259
1454,0.37752211152010173,0.06539611568590735
1455,0.5702142328510402,-0.038787441792303375
1456,0.4216853965658204,-0.12097025211227597
1457,0.16676113229979436,0.022670524982205807
1458,0.5979677790326751,-0.021639443577066007
1459,-0.09818054529673655,0.6689756598669603
1460,0.4428580269984994,0.4127443078010433
1461,0.43157780091221165,-0.1851482142054595
1462,0.46891966704455484,-0.49905442717632065
1463,0.4379020481166344,0.44005340260804465
1464,0.43565330788560896,-0.08673466936653247
1465,0.0774052309006289,0.5882308893712742
1466,0.47422731328819134,-0.004271697779689079
1467,0.6074611478610746,0.5869581047147236
1468,-0.39322165996901376,0.5825416028510892
1469,0.42971083882886024,-0.18681450663440252
1470,0.28980069556350696,-0.0861925693475374
1471,-0.39453474677083966,0.5238481264266692
1472,0.5130216479009841,0.12020953948440218
1473,0.26267917335381374,0.019569402286429945
1474,0.28221368052472845,-0.11737153774040662
1475,0.38150515320524364,-0.4420150534682179
1476,0.675971010737224,0.10125555306671792
1477,0.26690597625278667,0.5212841471084116
1478,0.450680324374909,-0.01194969937691294
1479,0.5730671171040926,0.6637587860164103
1480,-0.45057585029289304,0.5743241200704733
1481,0.3934721995748326,-0.1787751905496807
1482,0.25430849465658867,-0.09448490340881778
1483,-0.4250080118401437,0.4094255539865638
1484,0.49926313373697045,0.15041939563751186
1485,0.2251585138042314,0.055182795380397165
1486,0.17389636682693463,-0.11868696796576349
1487,0.3248479166219156,-0.44473984407164474
1488,0.6584306777414782,0.09692533437061449
1489,0.2443683314043148,0.574970162211751
1490,0.3755681899750333,0.057390154204938315
1491,0.40903469656400787,0.008783610294946892
1492,0.5790049821742932,0.6349087550790254
1493,0.40395761529779534,-0.1650253753430843
1494,0.197641799708009,-0.08642565343387086
1495,0.41901885707595393,0.3515293834387844
1496,0.5615311590721385,-0.0345128443365064
1497,0.21993978346845075,-0.032347628876813
1498,-0.06438862582506652,0.21504448330200643
1499,0.16570030950734196,-0.10399235178391351
1500,0.2919824828486866,-0.12634155600005367
1501,0.349312749013519,-0.147145456856304
1502,0.4169506071440164,0.04120612850045905
1503,0.4772012978458631,0.008930322176551918
1504,0.6013860084833118,0.6668187240193133
1505,0.42155302834364483,-0.17985894358885957
1506,0.4608268823753397,-0.09826298143487164
1507,0.4980578299845933,0.36669160260998007
1508,0.5735058411101855,-0.03936937295459485
1509,0.24647400127551278,-0.025319032677091718
1510,-0.10022236531130138,0.18566473263018637
1511,0.17845793694488324,-0.1075131575940169
1512,0.3104597308477894,-0.11116196957604843
1513,0.28740609669624095,-0.20294863660060325
1514,0.32766822885458846,-0.08389550512258916
1515,0.5229213386284557,0.4657425511678639
1516,0.22039271209988875,0.04625537913236761
1517,0.3733777189744961,-0.181529448701647
1518,0.5693605206925392,0.02283616240340789
1519,0.42273447641062517,-0.21857530872389747
1520,0.47614394953850214,-0.07517880024324895
1521,0.5331996906887444,-0.06964706416935752
1522,0.45466059697280614,0.47751654974072677
1523,-0.09653519383903907,0.4796516598935832
1524,0.5960731971045959,-0.1347463415096867
1525,0.4626262470348451,0.09162210724127691
1526,0.3493362315170573,-0.08531391257032041
1527,0.5370639952437285,0.45016050211601066
1528,0.23529435466196102,0.049554452130758084
1529,0.5075026147333372,-0.18334304117149056
1530,0.6198568526041905,-0.018281070109778075
1531,0.4374053483662191,-0.21663283806762537
1532,0.4927093030261791,-0.07801352245472146
1533,0.5321189593686176,-0.0719279845402286
1534,0.43119388340746434,0.4490729001308371
1535,-0.10736414786235719,0.613077206297362
1536,0.6369941832211077,-0.1539003761297588
1537,0.5219705727377663,0.09185689290635277
1538,0.41701674700968344,-0.05291918003860929
1539,0.5638613190774384,0.4924186822577119
1540,0.25486685509421936,0.028506630008745874
1541,0.4155653649373099,-0.27082122798714003
1542,0.5771127044572661,0.061924134780445964
1543,0.25840582795398553,-0.268625474740294
1544,0.482602622297611,-0.06210395717427969
1545,0.5216466730121071,-0.30981993514029027
1546,0.4096283708293855,-0.1727417845847559
1547,0.47828257376560074,0.4548852069389653
1548,0.5435649344353343,-0.07814858025850699
1549,0.43576656623147697,0.7290226800957488
1550,0.24677077084995402,-0.16583305168672882
1551,0.27035202162205757,-0.1330772524220984
1552,0.48435056004367927,0.030512908039569506
1553,0.1541315690916954,-0.17717144636329282
1554,0.374722527905612,-0.13369225573236093
1555,0.2863943418525983,-0.07067258616039127
1556,0.522067264427575,0.6481033679958951
1557,0.45793480726357644,-0.2913982752183532
1558,0.43927047439324385,-0.15745216896875386
1559,0.13385024160571932,-0.2960228777328424
1560,0.503493465389889,-0.22938481345266445
1561,0.36145403755922284,0.6248505962828128
1562,0.2754788941237719,-0.1770462646987488
1563,0.33708965983066774,-0.11789743294594975
1564,0.5104212939371874,0.02624090740452716
1565,0.19775994704724514,-0.192737817553693
1566,0.42961707786960546,-0.12089477445549875
1567,0.3194052165629539,-0.06466023109130828
1568,0.5485675238106142,0.6768593703581667
1569,0.49068180412996143,-0.294032551709479
1570,0.3167758204026584,-0.12867990111146524
1571,0.23197064602224812,-0.2746368926279684
1572,0.5258820604045289,-0.23075997489348965
1573,0.4037354348712785,0.6217844411685547
1574,0.4938186336292152,0.5992769225885339
1575,0.6027388903988042,-0.010846119742333075
1576,0.17721551341159,0.5691605226095383
1577,0.4502804027255262,0.26907419943522576
1578,0.43009282003618965,0.8016122323494059
1579,0.33526342413739135,0.13260378987129534
1580,0.7073221680074011,-0.01630208154873104
1581,0.2709986826532536,0.09035070705418184
1582,-0.056902016721872326,-0.1848461961357423
1583,0.5831853719176459,-0.039787711127095345
1584,0.47801874705791464,-0.22039475467668102
1585,0.5071750669444961,0.10799821217615165
1586,0.47930909416738265,0.47338625456186306
1587,0.6013620999245043,-0.009306837832338892
1588,0.1664083921559004,0.6448322696609422
1589,0.4656681831340632,0.1464715801379957
1590,0.4141227242253774,0.7993387960900974
1591,0.38553303400869204,0.0940226555720979
1592,0.6708143310519142,-0.019173050951730008
1593,0.26161285682772745,0.09344046125993326
1594,-0.02416805060829337,-0.17935340361280686
1595,0.5573930945608782,-0.023513975326804014
1596,0.5149776372391197,-0.19125978790131434
1597,0.4801340270546368,0.1218752605084896
1598,0.6308816973858594,-0.01581959890148546
1599,0.19492924478784007,0.6081229182627798
1600,0.47205922325480754,0.2428294382777499
1601,0.43042540198782486,-0.20007737800243788
1602,0.42714466262195355,0.7977994045527859
1603,0.43171635806239855,0.11383231388896785
1604,0.7224637843304033,-0.013128910642066907
1605,0.20524701895464378,0.10655302093443927
1606,-0.00170339597107069,-0.19319351215648958
1607,0.606876532276434,-0.04139899522485838
1608,0.4829626780383797,-0.21946384111845577
1609,0.5351397827874119,0.12401817972897693
